Workbook

Sheet Dashboard
A1: Monthly Expense Tracker
A2: ="Opens showing today's real date — "&TEXT(TODAY(),"dd mmm yyyy") -> Opens showing today's real date — 07 Jul 2026
A4: TODAY
A5: Date | B5: =TODAY() -> 46210
A6: Day | B6: =TEXT(B5,"dddd") -> Tuesday
A8: ACCOUNT BALANCES (update these when you check your banking app)
A9: Bank | B9: Balance | C9: Min. Balance to Maintain | D9: Available (Balance − Min)
A10: BOI | B10: 216.12 | C10: 5000 | D10: =B10-C10 -> -4783.88
A11: SBI | B11: 41304.57 | C11: 25000 | D11: =B11-C11 -> 16304.57
A12: Total | B12: =SUM(B10:B11) -> 41520.69 | C12: =SUM(C10:C11) -> 30000 | D12: =SUM(D10:D11) -> 11520.69
A14: YOUR BALANCE TRACKING (your own planning figures, separate from bank balance above)
A15: BOI — Current Balance | B15: 6520.69
A16: SBI — Current Balance | B16: 35000
A18: DAILY ALLOWANCE RULES
A19: Bank | B19: Mon | C19: Tue | D19: Wed | E19: Thu | F19: Fri | G19: Sat | H19: Sun | I19: Weekly | J19: Monthly
A20: BOI | B20: 50 | C20: 50 | D20: 50 | E20: 50 | F20: 50 | G20: 150 | H20: 150 | I20: =SUM(B20:H20) -> 550 | J20: 4600
A21: SBI | B21: NOT ALLOWED for daily withdrawals | I21: — | J21: 20000
A23: FUEL TRACKING
A24: Today's Fuel Price (₹/litre) — Jaipur | B24: 112.66
A25: Tank Capacity (litres, approx.) | B25: 11.2
A26: Full Tank Expense | B26: =B25*B24 -> 1261.792
A27: Daily Fuel Expense | B27: 80
A28: Weekly Fuel Expense | B28: =B27*7 -> 560
A29: Monthly Fuel Expense | B29: =B27*30 -> 2400
A31: TOTAL MONTHLY EXPENDITURE
A32: BOI Monthly Allowance | B32: =J20 -> 4600
A33: SBI Monthly Allowance | B33: =J21 -> 20000
A34: BOI Urgent/Unknown Buffer | B34: 400
A35: SBI Urgent/Unknown Buffer | B35: 500
A36: Total Expenditure (Planned) | B36: =SUM(B32:B35) -> 25500
A37: Monthly Expense Cap | B37: 25500
A38: Status | B38: =IF(B36>B37,"Over Cap","Within Cap") -> Within Cap
A40: EXPECTED BALANCE AT MONTH END
A41: BOI | B41: 0 | C41: ="(+ "&TEXT(B34,"0")&" reserved for urgent expenses)" -> (+ 400 reserved for urgent expenses)
A42: SBI | B42: 4500 | C42: ="(+ "&TEXT(B35,"0")&" reserved for urgent expenses)" -> (+ 500 reserved for urgent expenses)
A44: Blue = numbers you type in · Black = auto-calculated. Log each day's actual spend in the 'Daily Log' tab.

Sheet Daily Log
A1: Date | B1: Day | C1: BOI Allowance (Planned) | D1: BOI Spent (Actual) | E1: Fuel | F1: BOI Extra / Unplanned | G1: SBI Spent | H1: Notes | I1: Total Spent Today | J1: BOI Balance | K1: SBI Balance | L1: Total Balance
A2: 46210 | B2: =TEXT(A2,"dddd") -> Tuesday | C2: =INDEX(Dashboard!$B$20:$H$20,WEEKDAY(A2,2)) -> 50 | D2: =C2 -> 50 | I2: =D2+E2+F2+G2 -> 50 | J2: =Dashboard!B10-D2-E2-F2 -> 166.12 | K2: =Dashboard!B11-G2 -> 41304.57 | L2: =J2+K2 -> 41470.69
A3: 46211 | B3: =TEXT(A3,"dddd") -> Wednesday | C3: =INDEX(Dashboard!$B$20:$H$20,WEEKDAY(A3,2)) -> 50 | D3: =C3 -> 50 | I3: =D3+E3+F3+G3 -> 50 | J3: =J2-D3-E3-F3 -> 116.12 | K3: =K2-G3 -> 41304.57 | L3: =J3+K3 -> 41420.69
A4: 46212 | B4: =TEXT(A4,"dddd") -> Thursday | C4: =INDEX(Dashboard!$B$20:$H$20,WEEKDAY(A4,2)) -> 50 | D4: =C4 -> 50 | I4: =D4+E4+F4+G4 -> 50 | J4: =J3-D4-E4-F4 -> 66.12 | K4: =K3-G4 -> 41304.57 | L4: =J4+K4 -> 41370.69
A5: 46213 | B5: =TEXT(A5,"dddd") -> Friday | C5: =INDEX(Dashboard!$B$20:$H$20,WEEKDAY(A5,2)) -> 50 | D5: =C5 -> 50 | I5: =D5+E5+F5+G5 -> 50 | J5: =J4-D5-E5-F5 -> 16.12 | K5: =K4-G5 -> 41304.57 | L5: =J5+K5 -> 41320.69
A6: 46214 | B6: =TEXT(A6,"dddd") -> Saturday | C6: =INDEX(Dashboard!$B$20:$H$20,WEEKDAY(A6,2)) -> 150 | D6: =C6 -> 150 | I6: =D6+E6+F6+G6 -> 150 | J6: =J5-D6-E6-F6 -> -133.88 | K6: =K5-G6 -> 41304.57 | L6: =J6+K6 -> 41170.69
A7: 46215 | B7: =TEXT(A7,"dddd") -> Sunday | C7: =INDEX(Dashboard!$B$20:$H$20,WEEKDAY(A7,2)) -> 150 | D7: =C7 -> 150 | I7: =D7+E7+F7+G7 -> 150 | J7: =J6-D7-E7-F7 -> -283.88 | K7: =K6-G7 -> 41304.57 | L7: =J7+K7 -> 41020.69
A8: 46216 | B8: =TEXT(A8,"dddd") -> Monday | C8: =INDEX(Dashboard!$B$20:$H$20,WEEKDAY(A8,2)) -> 50 | D8: =C8 -> 50 | I8: =D8+E8+F8+G8 -> 50 | J8: =J7-D8-E8-F8 -> -333.88 | K8: =K7-G8 -> 41304.57 | L8: =J8+K8 -> 40970.69
A9: 46217 | B9: =TEXT(A9,"dddd") -> Tuesday | C9: =INDEX(Dashboard!$B$20:$H$20,WEEKDAY(A9,2)) -> 50 | D9: =C9 -> 50 | I9: =D9+E9+F9+G9 -> 50 | J9: =J8-D9-E9-F9 -> -383.88 | K9: =K8-G9 -> 41304.57 | L9: =J9+K9 -> 40920.69
A10: 46218 | B10: =TEXT(A10,"dddd") -> Wednesday | C10: =INDEX(Dashboard!$B$20:$H$20,WEEKDAY(A10,2)) -> 50 | D10: =C10 -> 50 | I10: =D10+E10+F10+G10 -> 50 | J10: =J9-D10-E10-F10 -> -433.88 | K10: =K9-G10 -> 41304.57 | L10: =J10+K10 -> 40870.69
A11: 46219 | B11: =TEXT(A11,"dddd") -> Thursday | C11: =INDEX(Dashboard!$B$20:$H$20,WEEKDAY(A11,2)) -> 50 | D11: =C11 -> 50 | I11: =D11+E11+F11+G11 -> 50 | J11: =J10-D11-E11-F11 -> -483.88 | K11: =K10-G11 -> 41304.57 | L11: =J11+K11 -> 40820.69
A12: 46220 | B12: =TEXT(A12,"dddd") -> Friday | C12: =INDEX(Dashboard!$B$20:$H$20,WEEKDAY(A12,2)) -> 50 | D12: =C12 -> 50 | I12: =D12+E12+F12+G12 -> 50 | J12: =J11-D12-E12-F12 -> -533.88 | K12: =K11-G12 -> 41304.57 | L12: =J12+K12 -> 40770.69
A13: 46221 | B13: =TEXT(A13,"dddd") -> Saturday | C13: =INDEX(Dashboard!$B$20:$H$20,WEEKDAY(A13,2)) -> 150 | D13: =C13 -> 150 | I13: =D13+E13+F13+G13 -> 150 | J13: =J12-D13-E13-F13 -> -683.88 | K13: =K12-G13 -> 41304.57 | L13: =J13+K13 -> 40620.69
A14: 46222 | B14: =TEXT(A14,"dddd") -> Sunday | C14: =INDEX(Dashboard!$B$20:$H$20,WEEKDAY(A14,2)) -> 150 | D14: =C14 -> 150 | I14: =D14+E14+F14+G14 -> 150 | J14: =J13-D14-E14-F14 -> -833.88 | K14: =K13-G14 -> 41304.57 | L14: =J14+K14 -> 40470.69
... A26: 46234 | B26: =TEXT(A26,"dddd") -> Friday | C26: =INDEX(Dashboard!$B$20:$H$20,WEEKDAY(A26,2)) -> 50 | D26: =C26 -> 50 | I26: =D26+E26+F26+G26 -> 50 | J26: =J25-D26-E26-F26 -> -1633.88 | K26: =K25-G26 -> 41304.57 | L26: =J26+K26 -> 39670.69
A27: MONTH TOTAL (so far) | I27: =SUM(I2:I26) -> 1850
